generation,shell_km,months,satellite_days,beta_m_per_10ap,ci_low,ci_high
v1.0,200.0,65,829,-66.9344,-553.01,239.224
v1.0,225.0,72,1770,-435.837,-730.122,-147.221
v1.5,225.0,42,914,-112.512,-414.099,186.231
v1.0,250.0,74,3968,10.8114,-186.951,98.5183
v1.5,250.0,42,1467,-23.4977,-223.733,150.078
v1.0,275.0,76,8670,-157.722,-271.576,-18.8715
v1.5,275.0,46,1927,49.1157,-13.8164,114.08
v2-mini,275.0,38,800,14.8217,-85.5026,222.777
v1.0,300.0,74,14003,-15.1606,-90.4416,25.5279
v1.5,300.0,47,2606,3.01696,-86.9518,36.8333
v2-mini,300.0,40,1326,-37.6245,-169.975,56.6801
v1.0,325.0,73,20317,-30.7133,-65.8285,-3.38983
v1.5,325.0,45,3420,-16.414,-65.3835,43.7466
v2-mini,325.0,38,1658,-131.193,-254.221,-22.6804
v1.0,350.0,68,24712,-14.4336,-40.0141,-2.61815
v1.5,350.0,41,3436,-9.43244,-50.1473,26.0337
v2-mini,350.0,33,1588,-127.039,-232.705,36.7439
v1.0,375.0,67,20626,-13.2376,-27.0206,-2.89018
v1.5,375.0,40,3598,-25.1477,-53.9618,-3.55146
v2-mini,375.0,32,1889,-109.018,-252.146,8.68103
v1.0,400.0,68,22737,-8.18202,-15.4968,-0.573472
v1.5,400.0,39,4181,-27.8908,-46.5856,-6.88578
v2-mini,400.0,33,2869,-54.351,-127.833,18.6683
v1.0,425.0,70,27999,-0.651718,-19.873,10.3634
v1.5,425.0,39,4892,-6.55088,-33.7409,13.762
v2-mini,425.0,31,3175,-15.0622,-35.1852,2.32112
v1.0,450.0,68,33617,-2.8839,-15.203,9.39621
v1.5,450.0,40,26496,-9.42924,-31.9716,32.6843
v2-mini,450.0,35,15968,-37.0478,-63.1023,-11.1414
v1.0,475.0,67,36398,46.9248,4.43239,74.2584
v1.5,475.0,43,39013,-34.2492,-62.407,-3.13945
v2-mini,475.0,28,23838,46.8446,-51.9733,63.1793
v1.0,500.0,68,23629,0.219527,-10.1151,12.2843
v1.5,500.0,42,20333,-2.85472,-14.2023,15.067
v2-mini,500.0,28,4291,91.0866,-35.6806,152.475
v1.5,525.0,36,11917,-10.1002,-41.7042,30.4152
v2-mini,525.0,27,4743,32.6322,-13.3118,63.8142
