variant,shell_km,generation,versus,common_storms,difference_m_per_100nt,ci_low,ci_high,p_bootstrap,p_holm
"main (baseline -6..-2, response 0..+2)",475.0,v2-mini,v2-mini-opt,27,33.3465,25.7351,67.2092,0.0009995,0.0069965
"main (baseline -6..-2, response 0..+2)",525.0,v1.0,v1.5,68,-2.035,-126.048,35.6352,0.954523,1.0
"main (baseline -6..-2, response 0..+2)",525.0,v1.0,v2-mini-opt,19,-213.929,-925.732,430.326,0.347826,1.0
"main (baseline -6..-2, response 0..+2)",525.0,v1.5,v2-mini-opt,20,-6.27067,-245.781,27.723,0.773613,1.0
"main (baseline -6..-2, response 0..+2)",550.0,v1.5,v2-mini,44,4.18898,-42.8022,14.0771,0.831584,1.0
"main (baseline -6..-2, response 0..+2)",550.0,v1.5,v2-mini-opt,21,-7.68722,-198.789,45.035,0.598701,1.0
"main (baseline -6..-2, response 0..+2)",550.0,v2-mini,v2-mini-opt,21,22.1022,-114.054,219.036,0.530735,1.0
shorter response (0..+1),475.0,v2-mini,v2-mini-opt,27,14.844,-1.08946,41.1634,0.063968,0.383808
shorter response (0..+1),525.0,v1.0,v1.5,68,-14.9265,-140.566,36.269,0.492754,1.0
shorter response (0..+1),525.0,v1.0,v2-mini-opt,19,-294.381,-1203.66,293.2,0.243878,1.0
shorter response (0..+1),525.0,v1.5,v2-mini-opt,20,-26.8375,-314.612,16.5712,0.386807,1.0
shorter response (0..+1),550.0,v1.5,v2-mini,44,-8.14114,-38.207,-2.83057,0.001999,0.013993
shorter response (0..+1),550.0,v1.5,v2-mini-opt,21,-21.9901,-192.177,60.4602,0.411794,1.0
shorter response (0..+1),550.0,v2-mini,v2-mini-opt,21,1.75947,-100.993,207.461,0.994503,1.0
longer response (0..+3),475.0,v2-mini,v2-mini-opt,27,27.8417,18.704,70.582,0.0009995,0.0069965
longer response (0..+3),525.0,v1.0,v1.5,68,3.41906,-122.5,44.0061,0.894553,1.0
longer response (0..+3),525.0,v1.0,v2-mini-opt,19,-211.489,-767.781,633.858,0.454773,1.0
longer response (0..+3),525.0,v1.5,v2-mini-opt,20,2.21185,-253.718,33.9437,0.990505,1.0
longer response (0..+3),550.0,v1.5,v2-mini,44,-3.83307,-51.1237,3.42133,0.335832,1.0
longer response (0..+3),550.0,v1.5,v2-mini-opt,21,8.93552,-223.439,66.9452,0.977511,1.0
longer response (0..+3),550.0,v2-mini,v2-mini-opt,21,34.6704,-115.096,255.402,0.370815,1.0
earlier baseline (-8..-3),475.0,v2-mini,v2-mini-opt,21,41.4463,7.88687,70.1672,0.0089955,0.0629685
earlier baseline (-8..-3),525.0,v1.0,v1.5,56,19.0193,-64.0835,89.025,0.625687,1.0
earlier baseline (-8..-3),525.0,v1.0,v2-mini-opt,16,103.623,-3586.14,710.841,0.970515,1.0
earlier baseline (-8..-3),525.0,v1.5,v2-mini-opt,17,-160.795,-518.393,0.82251,0.053973,0.269865
earlier baseline (-8..-3),550.0,v1.5,v2-mini,37,-17.5915,-58.1248,-6.43333,0.009995,0.0629685
earlier baseline (-8..-3),550.0,v1.5,v2-mini-opt,18,-38.6907,-248.567,397.758,0.602699,1.0
earlier baseline (-8..-3),550.0,v2-mini,v2-mini-opt,18,41.9437,-216.274,533.778,0.65967,1.0
