variant,generation,shell_km,storms,satellite_storms,beta_m_per_100nt,ci_low,ci_high,intercept_m
"main (baseline -6..-2, response 0..+2)",v1.0,525.0,79,76747,-36.7156,-139.229,-11.6389,9.37093
"main (baseline -6..-2, response 0..+2)",v1.5,525.0,69,81073,-35.6137,-65.6529,-8.91225,23.0765
"main (baseline -6..-2, response 0..+2)",v1.5,550.0,69,47593,-25.3356,-32.7169,-10.4231,11.8904
"main (baseline -6..-2, response 0..+2)",v2-mini,475.0,47,44930,-34.3207,-55.6377,-4.51597,30.9337
"main (baseline -6..-2, response 0..+2)",v2-mini,550.0,44,19310,-30.4028,-43.9451,13.322,20.6247
"main (baseline -6..-2, response 0..+2)",v2-mini-dtc,350.0,37,13034,-53.7125,-94.4675,-21.0071,11.7545
"main (baseline -6..-2, response 0..+2)",v2-mini-opt,475.0,27,24965,-49.1931,-64.1054,-22.2199,30.5011
"main (baseline -6..-2, response 0..+2)",v2-mini-opt,525.0,20,4422,-32.557,-174.84,263.618,13.6549
"main (baseline -6..-2, response 0..+2)",v2-mini-opt,550.0,21,4411,-19.9582,-167.923,86.8856,26.153
shorter response (0..+1),v1.0,525.0,79,65122,-20.494,-145.909,6.18903,-2.91152
shorter response (0..+1),v1.5,525.0,69,69599,-6.43548,-62.2526,10.7148,1.43413
shorter response (0..+1),v1.5,550.0,69,40867,-0.539166,-25.6019,4.72276,3.51335
shorter response (0..+1),v2-mini,475.0,46,35206,-4.68033,-34.3872,16.4144,20.0184
shorter response (0..+1),v2-mini,550.0,44,15684,7.01331,-8.31882,13.9264,-2.61292
shorter response (0..+1),v2-mini-dtc,350.0,37,7850,-7.831,-21.1297,32.106,16.8081
shorter response (0..+1),v2-mini-opt,475.0,27,17656,-5.41026,-27.5536,26.8276,16.6807
shorter response (0..+1),v2-mini-opt,525.0,20,3964,-12.5286,-162.345,338.511,-1.10679
shorter response (0..+1),v2-mini-opt,550.0,21,3683,14.7233,-135.489,121.05,56.2344
longer response (0..+3),v1.0,525.0,79,78273,-28.1336,-139.591,-5.47816,-3.43154
longer response (0..+3),v1.5,525.0,69,82370,-32.2551,-71.1973,-10.079,15.3028
longer response (0..+3),v1.5,550.0,69,48559,-24.108,-34.4882,-14.5328,5.71694
longer response (0..+3),v2-mini,475.0,47,46642,-30.8199,-50.0368,-6.14101,22.83
longer response (0..+3),v2-mini,550.0,44,19783,-21.2428,-29.7665,11.4624,7.32473
longer response (0..+3),v2-mini-dtc,350.0,37,14475,-48.9376,-70.7112,-15.9827,8.27486
longer response (0..+3),v2-mini-opt,475.0,27,26411,-46.6806,-79.8732,-32.749,20.7618
longer response (0..+3),v2-mini-opt,525.0,20,4466,-47.385,-234.406,272.593,17.3846
longer response (0..+3),v2-mini-opt,550.0,21,4540,-34.6045,-141.684,113.98,7.14016
earlier baseline (-8..-3),v1.0,525.0,67,66057,-27.28,-106.397,11.274,2.13708
earlier baseline (-8..-3),v1.5,525.0,57,68471,-44.5864,-142.408,0.22985,26.3883
earlier baseline (-8..-3),v1.5,550.0,57,39671,-14.6176,-35.0487,-3.91984,7.65237
earlier baseline (-8..-3),v2-mini,475.0,39,36247,-35.7081,-105.39,-11.5475,32.8249
earlier baseline (-8..-3),v2-mini,550.0,37,15047,3.88278,-14.5067,38.8345,-7.11116
earlier baseline (-8..-3),v2-mini-dtc,350.0,29,11139,-48.7565,-113.179,-2.36609,11.9529
earlier baseline (-8..-3),v2-mini-opt,475.0,21,21643,-51.4025,-81.3329,-16.5531,32.7262
earlier baseline (-8..-3),v2-mini-opt,525.0,17,3824,-81.9299,-196.832,578.73,43.215
earlier baseline (-8..-3),v2-mini-opt,550.0,18,3901,-17.3675,-570.794,156.781,36.0372
