storm_id,peak_date,peak_dst_nt,peak_ap,f10_7_sfu,excluded_because
1,2020-02-18,-58,22,69.4,
2,2020-04-20,-68,39,68.89999999999999,
3,2020-07-25,-50,27,72.6,
4,2020-09-27,-60,56,73.80000000000001,storm days in the baseline window
5,2021-03-01,-58,67,72.70000000000002,
6,2021-04-17,-54,39,75.9,
7,2021-04-26,-53,32,79.20000000000002,
8,2021-05-12,-61,132,76.29999999999998,
9,2021-08-27,-82,48,91.5,
10,2021-09-17,-64,56,74.09999999999998,
11,2021-10-12,-65,94,83.1,
12,2021-10-17,-55,27,76.1,storm days in the baseline window
13,2021-11-04,-105,179,92.3,
14,2022-01-14,-91,67,111.33333333333331,
15,2022-02-03,-66,56,124.45000000000002,
16,2022-02-10,-60,48,112.55000000000001,storm days in the baseline window
17,2022-03-05,-56,56,118.19999999999999,
18,2022-03-13,-85,94,119.36666666666666,
19,2022-04-14,-81,80,107.5,
20,2022-05-28,-63,48,104.5,
21,2022-07-02,-54,39,103.59999999999997,
22,2022-07-07,-81,56,129.60000000000002,storm days in the baseline window
23,2022-07-19,-62,39,148.80000000000004,
24,2022-08-08,-59,48,116.2,
25,2022-08-17,-50,111,125.7,
26,2022-09-04,-71,94,131.40000000000003,
27,2022-09-07,-50,22,128.1,storm days in the baseline window
28,2022-10-14,-62,32,119.90000000000003,
29,2022-10-22,-76,56,103.90000000000002,
30,2022-11-03,-59,48,123.30000000000003,
31,2022-11-07,-92,48,130.95,storm days in the baseline window
32,2022-12-07,-63,39,143.59999999999997,
33,2022-12-27,-68,32,153.79999999999998,
34,2023-01-04,-61,39,146.0,
35,2023-01-15,-57,48,226.69999999999996,
36,2023-02-15,-72,56,164.34999999999997,
37,2023-02-21,-50,27,157.4,storm days in the baseline window
38,2023-02-27,-132,111,157.29999999999998,storm days in the baseline window
39,2023-03-24,-163,207,155.33333333333334,
40,2023-04-24,-213,236,134.83333333333331,
41,2023-04-28,-52,32,147.2,storm days in the baseline window
42,2023-05-06,-67,80,154.5,
43,2023-05-20,-57,67,173.69999999999996,
44,2023-06-16,-72,80,162.2,
45,2023-06-18,-50,15,169.4,storm days in the baseline window
46,2023-06-25,-57,48,159.90000000000003,storm days in the baseline window
47,2023-07-16,-53,27,190.4,
48,2023-07-26,-52,39,172.6,
49,2023-08-05,-93,94,180.80000000000004,
50,2023-09-02,-62,56,133.59999999999997,
51,2023-09-12,-82,56,149.95000000000005,
52,2023-09-19,-85,94,161.79999999999998,storm days in the baseline window
53,2023-09-25,-69,56,168.39999999999998,storm days in the baseline window
54,2023-10-21,-88,48,121.40000000000003,
55,2023-10-28,-60,39,129.79999999999998,storm days in the baseline window
56,2023-11-05,-163,154,147.75,storm days in the baseline window
57,2023-11-22,-59,56,184.80000000000004,
58,2023-11-25,-90,94,173.7,storm days in the baseline window
59,2023-12-01,-108,111,150.79999999999995,storm days in the baseline window
60,2023-12-14,-78,32,150.30000000000004,
61,2023-12-17,-77,56,153.0,storm days in the baseline window
62,2024-03-03,-112,94,140.34999999999997,
63,2024-03-24,-128,236,193.58333333333334,storm days in the baseline window
64,2024-04-16,-65,56,200.19999999999996,
65,2024-04-19,-117,132,215.46666666666667,storm days in the baseline window
66,2024-04-26,-51,48,154.59999999999997,storm days in the baseline window
67,2024-05-02,-89,111,151.34999999999997,storm days in the baseline window
68,2024-05-11,-406,400,223.37999999999997,
69,2024-05-17,-88,80,206.46666666666667,storm days in the baseline window
70,2024-06-28,-107,179,189.69999999999993,
71,2024-07-26,-50,48,181.80000000000004,
72,2024-08-04,-100,132,251.15,
73,2024-08-12,-188,207,266.96666666666664,storm days in the baseline window
74,2024-08-28,-76,67,216.1,
75,2024-08-31,-73,39,227.9,storm days in the baseline window
76,2024-09-12,-121,154,175.76249999999996,
77,2024-09-25,-53,39,175.19999999999996,storm days in the baseline window
78,2024-10-11,-333,300,226.94999999999996,storm days in the baseline window
79,2024-11-09,-101,67,221.34999999999997,
80,2025-01-01,-212,207,195.2,
81,2025-03-09,-50,67,145.5,
82,2025-03-13,-66,48,166.05000000000004,storm days in the baseline window
83,2025-03-22,-61,67,176.69999999999996,
84,2025-03-26,-62,67,151.79999999999998,storm days in the baseline window
85,2025-04-04,-70,67,173.725,
86,2025-04-09,-52,39,167.30000000000004,storm days in the baseline window
87,2025-04-12,-68,32,166.19999999999996,storm days in the baseline window
88,2025-04-16,-138,179,155.02000000000004,storm days in the baseline window
89,2025-05-02,-62,56,154.64999999999995,
90,2025-05-09,-65,39,137.85,storm days in the baseline window
91,2025-05-17,-65,94,119.89999999999999,storm days in the baseline window
92,2025-05-29,-70,94,148.70000000000002,
93,2025-06-01,-119,179,142.9,storm days in the baseline window
94,2025-06-13,-101,111,149.66666666666666,
95,2025-07-07,-65,48,122.19999999999999,
96,2025-08-09,-85,67,150.5,
97,2025-09-02,-78,56,186.69999999999996,
98,2025-09-06,-50,48,148.69999999999996,storm days in the baseline window
99,2025-09-15,-78,111,131.30000000000004,
100,2025-09-30,-106,132,175.76666666666665,
101,2025-10-18,-59,94,155.90000000000003,
102,2025-10-30,-68,56,118.59999999999998,
103,2025-11-06,-116,111,160.8,storm days in the baseline window
104,2025-11-08,-58,80,168.7,storm days in the baseline window
105,2025-11-12,-217,300,156.34999999999997,storm days in the baseline window
106,2025-12-03,-64,111,208.60000000000002,
107,2025-12-11,-82,80,136.40000000000003,storm days in the baseline window
108,2026-01-11,-74,67,108.69999999999999,
109,2026-01-20,-236,300,173.11428571428573,
110,2026-02-05,-65,56,171.0,
111,2026-02-15,-51,56,114.69999999999999,
112,2026-03-14,-78,80,110.3,
113,2026-03-22,-105,132,116.40000000000002,
114,2026-04-03,-89,94,130.57500000000002,
115,2026-04-18,-95,56,107.74999999999999,
116,2026-05-05,-71,80,135.0,
117,2026-05-16,-60,80,107.4,
118,2026-06-05,-57,80,143.25000000000003,
119,2026-07-04,-146,132,146.3,
120,2026-07-08,-52,18,119.80000000000001,storm days in the baseline window
121,2026-08-08,-59,80,96.3,
