generation,shell_km,storms,satellite_storms,beta_m_per_100nt,ci_low,ci_high,intercept_m
v1.0,525.0,79,76747,-36.7156,-139.229,-11.6389,9.37093
v1.5,525.0,69,81073,-35.6137,-65.6529,-8.91225,23.0765
v1.5,550.0,69,47593,-25.3356,-32.7169,-10.4231,11.8904
v2-mini,475.0,47,44930,-34.3207,-55.6377,-4.51597,30.9337
v2-mini,550.0,44,19310,-30.4028,-43.9451,13.322,20.6247
v2-mini-dtc,350.0,37,13034,-53.7125,-94.4675,-21.0071,11.7545
v2-mini-opt,475.0,27,24965,-49.1931,-64.1054,-22.2199,30.5011
v2-mini-opt,525.0,20,4422,-32.557,-174.84,263.618,13.6549
v2-mini-opt,550.0,21,4411,-19.9582,-167.923,86.8856,26.153
